貨號,名稱,描述,原價,分類,標籤,圖片
6w1-85018-1,"6w1-85018-1,水晶琉璃獎牌製作推薦,台北,新北,基隆,宜蘭,桃圓,新竹,台中,台南,高雄","獎牌獎盃製作,商家推薦,坤水晶琉璃藝品,竹工房,金箔賀匾設計,精美工廠,台北,新竹,桃園,苗栗,台中,高雄,基隆,彰化,嘉義,台南",1900,a04_晶采獎牌,"獎盃獎牌,獎牌獎杯製作,水晶琉璃藝品工坊,金牌獎,獎牌商家推薦",https://www.kh566.com/6/w1/6w1-85018-1.jpg
6w1-85018-2,"6w1-85018-2,水晶琉璃獎牌製作推薦,台北,新北,基隆,宜蘭,桃圓,新竹,台中,台南,高雄","獎牌獎盃製作,商家推薦,坤水晶琉璃藝品,竹工房,金箔賀匾設計,精美工廠,台北,新竹,桃園,苗栗,台中,高雄,基隆,彰化,嘉義,台南",1900,a04_晶采獎牌,"獎盃獎牌,獎牌獎杯製作,水晶琉璃藝品工坊,金牌獎,獎牌商家推薦",https://www.kh566.com/6/w1/6w1-85018-2.jpg
6w1-85018-3,"6w1-85018-3,水晶琉璃獎牌製作推薦,台北,新北,基隆,宜蘭,桃圓,新竹,台中,台南,高雄","獎牌獎盃製作,商家推薦,坤水晶琉璃藝品,竹工房,金箔賀匾設計,精美工廠,台北,新竹,桃園,苗栗,台中,高雄,基隆,彰化,嘉義,台南",1900,a04_晶采獎牌,"獎盃獎牌,獎牌獎杯製作,水晶琉璃藝品工坊,金牌獎,獎牌商家推薦",https://www.kh566.com/6/w1/6w1-85018-3.jpg
6w1-85019-1,"6w1-85019-1,水晶琉璃獎牌製作推薦,台北,新北,基隆,宜蘭,桃圓,新竹,台中,台南,高雄","獎牌獎盃製作,商家推薦,坤水晶琉璃藝品,竹工房,金箔賀匾設計,精美工廠,台北,新竹,桃園,苗栗,台中,高雄,基隆,彰化,嘉義,台南",1900,a04_晶采獎牌,"獎盃獎牌,獎牌獎杯製作,水晶琉璃藝品工坊,金牌獎,獎牌商家推薦",https://www.kh566.com/6/w1/6w1-85019-1.jpg
6w1-85019-2,"6w1-85019-2,水晶琉璃獎牌製作推薦,台北,新北,基隆,宜蘭,桃圓,新竹,台中,台南,高雄","獎牌獎盃製作,商家推薦,坤水晶琉璃藝品,竹工房,金箔賀匾設計,精美工廠,台北,新竹,桃園,苗栗,台中,高雄,基隆,彰化,嘉義,台南",1900,a04_晶采獎牌,"獎盃獎牌,獎牌獎杯製作,水晶琉璃藝品工坊,金牌獎,獎牌商家推薦",https://www.kh566.com/6/w1/6w1-85019-2.jpg
6w1-85019-3,"6w1-85019-3,水晶琉璃獎牌製作推薦,台北,新北,基隆,宜蘭,桃圓,新竹,台中,台南,高雄","獎牌獎盃製作,商家推薦,坤水晶琉璃藝品,竹工房,金箔賀匾設計,精美工廠,台北,新竹,桃園,苗栗,台中,高雄,基隆,彰化,嘉義,台南",1900,a04_晶采獎牌,"獎盃獎牌,獎牌獎杯製作,水晶琉璃藝品工坊,金牌獎,獎牌商家推薦",https://www.kh566.com/6/w1/6w1-85019-3.jpg
6w1-85020-1,"6w1-85020-1,水晶琉璃獎牌製作推薦,台北,新北,基隆,宜蘭,桃圓,新竹,台中,台南,高雄","獎牌獎盃製作,商家推薦,坤水晶琉璃藝品,竹工房,金箔賀匾設計,精美工廠,台北,新竹,桃園,苗栗,台中,高雄,基隆,彰化,嘉義,台南",1900,a04_晶采獎牌,"獎盃獎牌,獎牌獎杯製作,水晶琉璃藝品工坊,金牌獎,獎牌商家推薦",https://www.kh566.com/6/w1/6w1-85020-1.jpg
6w1-85020-2,"6w1-85020-2,水晶琉璃獎牌製作推薦,台北,新北,基隆,宜蘭,桃圓,新竹,台中,台南,高雄","獎牌獎盃製作,商家推薦,坤水晶琉璃藝品,竹工房,金箔賀匾設計,精美工廠,台北,新竹,桃園,苗栗,台中,高雄,基隆,彰化,嘉義,台南",1900,a04_晶采獎牌,"獎盃獎牌,獎牌獎杯製作,水晶琉璃藝品工坊,金牌獎,獎牌商家推薦",https://www.kh566.com/6/w1/6w1-85020-2.jpg
6w1-85020-3,"6w1-85020-3,水晶琉璃獎牌製作推薦,台北,新北,基隆,宜蘭,桃圓,新竹,台中,台南,高雄","獎牌獎盃製作,商家推薦,坤水晶琉璃藝品,竹工房,金箔賀匾設計,精美工廠,台北,新竹,桃園,苗栗,台中,高雄,基隆,彰化,嘉義,台南",1900,a04_晶采獎牌,"獎盃獎牌,獎牌獎杯製作,水晶琉璃藝品工坊,金牌獎,獎牌商家推薦",https://www.kh566.com/6/w1/6w1-85020-3.jpg
6w1-85021-1,"6w1-85021-1,水晶琉璃獎牌製作推薦,台北,新北,基隆,宜蘭,桃圓,新竹,台中,台南,高雄","獎牌獎盃製作,商家推薦,坤水晶琉璃藝品,竹工房,金箔賀匾設計,精美工廠,台北,新竹,桃園,苗栗,台中,高雄,基隆,彰化,嘉義,台南",1900,a04_晶采獎牌,"獎盃獎牌,獎牌獎杯製作,水晶琉璃藝品工坊,金牌獎,獎牌商家推薦",https://www.kh566.com/6/w1/6w1-85021-1.jpg
6w1-85021-2,"6w1-85021-2,水晶琉璃獎牌製作推薦,台北,新北,基隆,宜蘭,桃圓,新竹,台中,台南,高雄","獎牌獎盃製作,商家推薦,坤水晶琉璃藝品,竹工房,金箔賀匾設計,精美工廠,台北,新竹,桃園,苗栗,台中,高雄,基隆,彰化,嘉義,台南",1900,a04_晶采獎牌,"獎盃獎牌,獎牌獎杯製作,水晶琉璃藝品工坊,金牌獎,獎牌商家推薦",https://www.kh566.com/6/w1/6w1-85021-2.jpg
6w1-85021-3,"6w1-85021-3,水晶琉璃獎牌製作推薦,台北,新北,基隆,宜蘭,桃圓,新竹,台中,台南,高雄","獎牌獎盃製作,商家推薦,坤水晶琉璃藝品,竹工房,金箔賀匾設計,精美工廠,台北,新竹,桃園,苗栗,台中,高雄,基隆,彰化,嘉義,台南",1900,a04_晶采獎牌,"獎盃獎牌,獎牌獎杯製作,水晶琉璃藝品工坊,金牌獎,獎牌商家推薦",https://www.kh566.com/6/w1/6w1-85021-3.jpg
6w1-85022-1,"6w1-85022-1,水晶琉璃獎牌製作推薦,台北,新北,基隆,宜蘭,桃圓,新竹,台中,台南,高雄","獎牌獎盃製作,商家推薦,坤水晶琉璃藝品,竹工房,金箔賀匾設計,精美工廠,台北,新竹,桃園,苗栗,台中,高雄,基隆,彰化,嘉義,台南",1900,a04_晶采獎牌,"獎盃獎牌,獎牌獎杯製作,水晶琉璃藝品工坊,金牌獎,獎牌商家推薦",https://www.kh566.com/6/w1/6w1-85022-1.jpg
6w1-85022-2,"6w1-85022-2,水晶琉璃獎牌製作推薦,台北,新北,基隆,宜蘭,桃圓,新竹,台中,台南,高雄","獎牌獎盃製作,商家推薦,坤水晶琉璃藝品,竹工房,金箔賀匾設計,精美工廠,台北,新竹,桃園,苗栗,台中,高雄,基隆,彰化,嘉義,台南",1900,a04_晶采獎牌,"獎盃獎牌,獎牌獎杯製作,水晶琉璃藝品工坊,金牌獎,獎牌商家推薦",https://www.kh566.com/6/w1/6w1-85022-2.jpg
6w1-85022-3,"6w1-85022-3,水晶琉璃獎牌製作推薦,台北,新北,基隆,宜蘭,桃圓,新竹,台中,台南,高雄","獎牌獎盃製作,商家推薦,坤水晶琉璃藝品,竹工房,金箔賀匾設計,精美工廠,台北,新竹,桃園,苗栗,台中,高雄,基隆,彰化,嘉義,台南",1900,a04_晶采獎牌,"獎盃獎牌,獎牌獎杯製作,水晶琉璃藝品工坊,金牌獎,獎牌商家推薦",https://www.kh566.com/6/w1/6w1-85022-3.jpg
6w1-85023-1,"6w1-85023-1,水晶琉璃獎牌製作推薦,台北,新北,基隆,宜蘭,桃圓,新竹,台中,台南,高雄","獎牌獎盃製作,商家推薦,坤水晶琉璃藝品,竹工房,金箔賀匾設計,精美工廠,台北,新竹,桃園,苗栗,台中,高雄,基隆,彰化,嘉義,台南",1900,a04_晶采獎牌,"獎盃獎牌,獎牌獎杯製作,水晶琉璃藝品工坊,金牌獎,獎牌商家推薦",https://www.kh566.com/6/w1/6w1-85023-1.jpg
6w1-85023-2,"6w1-85023-2,水晶琉璃獎牌製作推薦,台北,新北,基隆,宜蘭,桃圓,新竹,台中,台南,高雄","獎牌獎盃製作,商家推薦,坤水晶琉璃藝品,竹工房,金箔賀匾設計,精美工廠,台北,新竹,桃園,苗栗,台中,高雄,基隆,彰化,嘉義,台南",1900,a04_晶采獎牌,"獎盃獎牌,獎牌獎杯製作,水晶琉璃藝品工坊,金牌獎,獎牌商家推薦",https://www.kh566.com/6/w1/6w1-85023-2.jpg
6w1-85023-3,"6w1-85023-3,水晶琉璃獎牌製作推薦,台北,新北,基隆,宜蘭,桃圓,新竹,台中,台南,高雄","獎牌獎盃製作,商家推薦,坤水晶琉璃藝品,竹工房,金箔賀匾設計,精美工廠,台北,新竹,桃園,苗栗,台中,高雄,基隆,彰化,嘉義,台南",1900,a04_晶采獎牌,"獎盃獎牌,獎牌獎杯製作,水晶琉璃藝品工坊,金牌獎,獎牌商家推薦",https://www.kh566.com/6/w1/6w1-85023-3.jpg
6w1-85024-1,"6w1-85024-1,水晶琉璃獎牌製作推薦,台北,新北,基隆,宜蘭,桃圓,新竹,台中,台南,高雄","獎牌獎盃製作,商家推薦,坤水晶琉璃藝品,竹工房,金箔賀匾設計,精美工廠,台北,新竹,桃園,苗栗,台中,高雄,基隆,彰化,嘉義,台南",1900,a04_晶采獎牌,"獎盃獎牌,獎牌獎杯製作,水晶琉璃藝品工坊,金牌獎,獎牌商家推薦",https://www.kh566.com/6/w1/6w1-85024-1.jpg
6w1-85024-2,"6w1-85024-2,水晶琉璃獎牌製作推薦,台北,新北,基隆,宜蘭,桃圓,新竹,台中,台南,高雄","獎牌獎盃製作,商家推薦,坤水晶琉璃藝品,竹工房,金箔賀匾設計,精美工廠,台北,新竹,桃園,苗栗,台中,高雄,基隆,彰化,嘉義,台南",1900,a04_晶采獎牌,"獎盃獎牌,獎牌獎杯製作,水晶琉璃藝品工坊,金牌獎,獎牌商家推薦",https://www.kh566.com/6/w1/6w1-85024-2.jpg
6w1-85024-3,"6w1-85024-3,水晶琉璃獎牌製作推薦,台北,新北,基隆,宜蘭,桃圓,新竹,台中,台南,高雄","獎牌獎盃製作,商家推薦,坤水晶琉璃藝品,竹工房,金箔賀匾設計,精美工廠,台北,新竹,桃園,苗栗,台中,高雄,基隆,彰化,嘉義,台南",1900,a04_晶采獎牌,"獎盃獎牌,獎牌獎杯製作,水晶琉璃藝品工坊,金牌獎,獎牌商家推薦",https://www.kh566.com/6/w1/6w1-85024-3.jpg
6w1-85025-1,"6w1-85025-1,水晶琉璃獎牌製作推薦,台北,新北,基隆,宜蘭,桃圓,新竹,台中,台南,高雄","獎牌獎盃製作,商家推薦,坤水晶琉璃藝品,竹工房,金箔賀匾設計,精美工廠,台北,新竹,桃園,苗栗,台中,高雄,基隆,彰化,嘉義,台南",1900,a04_晶采獎牌,"獎盃獎牌,獎牌獎杯製作,水晶琉璃藝品工坊,金牌獎,獎牌商家推薦",https://www.kh566.com/6/w1/6w1-85025-1.jpg
6w1-85025-2,"6w1-85025-2,水晶琉璃獎牌製作推薦,台北,新北,基隆,宜蘭,桃圓,新竹,台中,台南,高雄","獎牌獎盃製作,商家推薦,坤水晶琉璃藝品,竹工房,金箔賀匾設計,精美工廠,台北,新竹,桃園,苗栗,台中,高雄,基隆,彰化,嘉義,台南",1900,a04_晶采獎牌,"獎盃獎牌,獎牌獎杯製作,水晶琉璃藝品工坊,金牌獎,獎牌商家推薦",https://www.kh566.com/6/w1/6w1-85025-2.jpg
6w1-85025-3,"6w1-85025-3,水晶琉璃獎牌製作推薦,台北,新北,基隆,宜蘭,桃圓,新竹,台中,台南,高雄","獎牌獎盃製作,商家推薦,坤水晶琉璃藝品,竹工房,金箔賀匾設計,精美工廠,台北,新竹,桃園,苗栗,台中,高雄,基隆,彰化,嘉義,台南",1900,a04_晶采獎牌,"獎盃獎牌,獎牌獎杯製作,水晶琉璃藝品工坊,金牌獎,獎牌商家推薦",https://www.kh566.com/6/w1/6w1-85025-3.jpg
6w1-85026-1,"6w1-85026-1,水晶琉璃獎牌製作推薦,台北,新北,基隆,宜蘭,桃圓,新竹,台中,台南,高雄","獎牌獎盃製作,商家推薦,坤水晶琉璃藝品,竹工房,金箔賀匾設計,精美工廠,台北,新竹,桃園,苗栗,台中,高雄,基隆,彰化,嘉義,台南",1900,a04_晶采獎牌,"獎盃獎牌,獎牌獎杯製作,水晶琉璃藝品工坊,金牌獎,獎牌商家推薦",https://www.kh566.com/6/w1/6w1-85026-1.jpg
6w1-85026-2,"6w1-85026-2,水晶琉璃獎牌製作推薦,台北,新北,基隆,宜蘭,桃圓,新竹,台中,台南,高雄","獎牌獎盃製作,商家推薦,坤水晶琉璃藝品,竹工房,金箔賀匾設計,精美工廠,台北,新竹,桃園,苗栗,台中,高雄,基隆,彰化,嘉義,台南",1900,a04_晶采獎牌,"獎盃獎牌,獎牌獎杯製作,水晶琉璃藝品工坊,金牌獎,獎牌商家推薦",https://www.kh566.com/6/w1/6w1-85026-2.jpg
6w1-85026-3,"6w1-85026-3,水晶琉璃獎牌製作推薦,台北,新北,基隆,宜蘭,桃圓,新竹,台中,台南,高雄","獎牌獎盃製作,商家推薦,坤水晶琉璃藝品,竹工房,金箔賀匾設計,精美工廠,台北,新竹,桃園,苗栗,台中,高雄,基隆,彰化,嘉義,台南",1900,a04_晶采獎牌,"獎盃獎牌,獎牌獎杯製作,水晶琉璃藝品工坊,金牌獎,獎牌商家推薦",https://www.kh566.com/6/w1/6w1-85026-3.jpg
6w1-85027-1,"6w1-85027-1,水晶琉璃獎牌製作推薦,台北,新北,基隆,宜蘭,桃圓,新竹,台中,台南,高雄","獎牌獎盃製作,商家推薦,坤水晶琉璃藝品,竹工房,金箔賀匾設計,精美工廠,台北,新竹,桃園,苗栗,台中,高雄,基隆,彰化,嘉義,台南",1900,a04_晶采獎牌,"獎盃獎牌,獎牌獎杯製作,水晶琉璃藝品工坊,金牌獎,獎牌商家推薦",https://www.kh566.com/6/w1/6w1-85027-1.jpg
6w1-85027-2,"6w1-85027-2,水晶琉璃獎牌製作推薦,台北,新北,基隆,宜蘭,桃圓,新竹,台中,台南,高雄","獎牌獎盃製作,商家推薦,坤水晶琉璃藝品,竹工房,金箔賀匾設計,精美工廠,台北,新竹,桃園,苗栗,台中,高雄,基隆,彰化,嘉義,台南",1900,a04_晶采獎牌,"獎盃獎牌,獎牌獎杯製作,水晶琉璃藝品工坊,金牌獎,獎牌商家推薦",https://www.kh566.com/6/w1/6w1-85027-2.jpg
6w1-85027-3,"6w1-85027-3,水晶琉璃獎牌製作推薦,台北,新北,基隆,宜蘭,桃圓,新竹,台中,台南,高雄","獎牌獎盃製作,商家推薦,坤水晶琉璃藝品,竹工房,金箔賀匾設計,精美工廠,台北,新竹,桃園,苗栗,台中,高雄,基隆,彰化,嘉義,台南",1900,a04_晶采獎牌,"獎盃獎牌,獎牌獎杯製作,水晶琉璃藝品工坊,金牌獎,獎牌商家推薦",https://www.kh566.com/6/w1/6w1-85027-3.jpg
6w1-85028-1,"6w1-85028-1,水晶琉璃獎牌製作推薦,台北,新北,基隆,宜蘭,桃圓,新竹,台中,台南,高雄","獎牌獎盃製作,商家推薦,坤水晶琉璃藝品,竹工房,金箔賀匾設計,精美工廠,台北,新竹,桃園,苗栗,台中,高雄,基隆,彰化,嘉義,台南",1900,a04_晶采獎牌,"獎盃獎牌,獎牌獎杯製作,水晶琉璃藝品工坊,金牌獎,獎牌商家推薦",https://www.kh566.com/6/w1/6w1-85028-1.jpg
6w1-85028-2,"6w1-85028-2,水晶琉璃獎牌製作推薦,台北,新北,基隆,宜蘭,桃圓,新竹,台中,台南,高雄","獎牌獎盃製作,商家推薦,坤水晶琉璃藝品,竹工房,金箔賀匾設計,精美工廠,台北,新竹,桃園,苗栗,台中,高雄,基隆,彰化,嘉義,台南",1900,a04_晶采獎牌,"獎盃獎牌,獎牌獎杯製作,水晶琉璃藝品工坊,金牌獎,獎牌商家推薦",https://www.kh566.com/6/w1/6w1-85028-2.jpg
6w1-85028-3,"6w1-85028-3,水晶琉璃獎牌製作推薦,台北,新北,基隆,宜蘭,桃圓,新竹,台中,台南,高雄","獎牌獎盃製作,商家推薦,坤水晶琉璃藝品,竹工房,金箔賀匾設計,精美工廠,台北,新竹,桃園,苗栗,台中,高雄,基隆,彰化,嘉義,台南",1900,a04_晶采獎牌,"獎盃獎牌,獎牌獎杯製作,水晶琉璃藝品工坊,金牌獎,獎牌商家推薦",https://www.kh566.com/6/w1/6w1-85028-3.jpg
6w1-85029-1,"6w1-85029-1,水晶琉璃獎牌製作推薦,台北,新北,基隆,宜蘭,桃圓,新竹,台中,台南,高雄","獎牌獎盃製作,商家推薦,坤水晶琉璃藝品,竹工房,金箔賀匾設計,精美工廠,台北,新竹,桃園,苗栗,台中,高雄,基隆,彰化,嘉義,台南",1900,a04_晶采獎牌,"獎盃獎牌,獎牌獎杯製作,水晶琉璃藝品工坊,金牌獎,獎牌商家推薦",https://www.kh566.com/6/w1/6w1-85029-1.jpg
6w1-85029-2,"6w1-85029-2,水晶琉璃獎牌製作推薦,台北,新北,基隆,宜蘭,桃圓,新竹,台中,台南,高雄","獎牌獎盃製作,商家推薦,坤水晶琉璃藝品,竹工房,金箔賀匾設計,精美工廠,台北,新竹,桃園,苗栗,台中,高雄,基隆,彰化,嘉義,台南",1900,a04_晶采獎牌,"獎盃獎牌,獎牌獎杯製作,水晶琉璃藝品工坊,金牌獎,獎牌商家推薦",https://www.kh566.com/6/w1/6w1-85029-2.jpg
6w1-85029-3,"6w1-85029-3,水晶琉璃獎牌製作推薦,台北,新北,基隆,宜蘭,桃圓,新竹,台中,台南,高雄","獎牌獎盃製作,商家推薦,坤水晶琉璃藝品,竹工房,金箔賀匾設計,精美工廠,台北,新竹,桃園,苗栗,台中,高雄,基隆,彰化,嘉義,台南",1900,a04_晶采獎牌,"獎盃獎牌,獎牌獎杯製作,水晶琉璃藝品工坊,金牌獎,獎牌商家推薦",https://www.kh566.com/6/w1/6w1-85029-3.jpg
6w1-85030,"6w1-85030,水晶琉璃獎牌製作推薦,台北,新北,基隆,宜蘭,桃圓,新竹,台中,台南,高雄","獎牌獎盃製作,商家推薦,坤水晶琉璃藝品,竹工房,金箔賀匾設計,精美工廠,台北,新竹,桃園,苗栗,台中,高雄,基隆,彰化,嘉義,台南",1600,a04_晶采獎牌,"獎盃獎牌,獎牌獎杯製作,水晶琉璃藝品工坊,金牌獎,獎牌商家推薦",https://www.kh566.com/6/w1/6w1-85030.jpg
6w1-85031,"6w1-85031,水晶琉璃獎牌製作推薦,台北,新北,基隆,宜蘭,桃圓,新竹,台中,台南,高雄","獎牌獎盃製作,商家推薦,坤水晶琉璃藝品,竹工房,金箔賀匾設計,精美工廠,台北,新竹,桃園,苗栗,台中,高雄,基隆,彰化,嘉義,台南",1600,a04_晶采獎牌,"獎盃獎牌,獎牌獎杯製作,水晶琉璃藝品工坊,金牌獎,獎牌商家推薦",https://www.kh566.com/6/w1/6w1-85031.jpg
6w1-85032,"6w1-85032,水晶琉璃獎牌製作推薦,台北,新北,基隆,宜蘭,桃圓,新竹,台中,台南,高雄","獎牌獎盃製作,商家推薦,坤水晶琉璃藝品,竹工房,金箔賀匾設計,精美工廠,台北,新竹,桃園,苗栗,台中,高雄,基隆,彰化,嘉義,台南",1600,a04_晶采獎牌,"獎盃獎牌,獎牌獎杯製作,水晶琉璃藝品工坊,金牌獎,獎牌商家推薦",https://www.kh566.com/6/w1/6w1-85032.jpg
6w1-95004-2,"6w1-95004-2,水晶琉璃獎牌製作推薦,台北,新北,基隆,宜蘭,桃圓,新竹,台中,台南,高雄","獎牌獎盃製作,商家推薦,坤水晶琉璃藝品,竹工房,金箔賀匾設計,精美工廠,台北,新竹,桃園,苗栗,台中,高雄,基隆,彰化,嘉義,台南",1000,a04_晶采獎牌,"獎盃獎牌,獎牌獎杯製作,水晶琉璃藝品工坊,金牌獎,獎牌商家推薦",https://www.kh566.com/6/w1/6w1-95004-2.jpg
6w1-95001-1,"6w1-95001-1,水晶琉璃獎牌製作推薦,台北,新北,基隆,宜蘭,桃圓,新竹,台中,台南,高雄","獎牌獎盃製作,商家推薦,坤水晶琉璃藝品,竹工房,金箔賀匾設計,精美工廠,台北,新竹,桃園,苗栗,台中,高雄,基隆,彰化,嘉義,台南",1000,a04_晶采獎牌,"獎盃獎牌,獎牌獎杯製作,水晶琉璃藝品工坊,金牌獎,獎牌商家推薦",https://www.kh566.com/6/w1/6w1-95001-1.jpg
6w1-95001-2,"6w1-95001-2,水晶琉璃獎牌製作推薦,台北,新北,基隆,宜蘭,桃圓,新竹,台中,台南,高雄","獎牌獎盃製作,商家推薦,坤水晶琉璃藝品,竹工房,金箔賀匾設計,精美工廠,台北,新竹,桃園,苗栗,台中,高雄,基隆,彰化,嘉義,台南",1000,a04_晶采獎牌,"獎盃獎牌,獎牌獎杯製作,水晶琉璃藝品工坊,金牌獎,獎牌商家推薦",https://www.kh566.com/6/w1/6w1-95001-2.jpg
6w1-95002-1,"6w1-95002-1,水晶琉璃獎牌製作推薦,台北,新北,基隆,宜蘭,桃圓,新竹,台中,台南,高雄","獎牌獎盃製作,商家推薦,坤水晶琉璃藝品,竹工房,金箔賀匾設計,精美工廠,台北,新竹,桃園,苗栗,台中,高雄,基隆,彰化,嘉義,台南",1000,a04_晶采獎牌,"獎盃獎牌,獎牌獎杯製作,水晶琉璃藝品工坊,金牌獎,獎牌商家推薦",https://www.kh566.com/6/w1/6w1-95002-1.jpg
6w1-95002-2,"6w1-95002-2,水晶琉璃獎牌製作推薦,台北,新北,基隆,宜蘭,桃圓,新竹,台中,台南,高雄","獎牌獎盃製作,商家推薦,坤水晶琉璃藝品,竹工房,金箔賀匾設計,精美工廠,台北,新竹,桃園,苗栗,台中,高雄,基隆,彰化,嘉義,台南",1000,a04_晶采獎牌,"獎盃獎牌,獎牌獎杯製作,水晶琉璃藝品工坊,金牌獎,獎牌商家推薦",https://www.kh566.com/6/w1/6w1-95002-2.jpg
6w1-95003-1,"6w1-95003-1,水晶琉璃獎牌製作推薦,台北,新北,基隆,宜蘭,桃圓,新竹,台中,台南,高雄","獎牌獎盃製作,商家推薦,坤水晶琉璃藝品,竹工房,金箔賀匾設計,精美工廠,台北,新竹,桃園,苗栗,台中,高雄,基隆,彰化,嘉義,台南",1000,a04_晶采獎牌,"獎盃獎牌,獎牌獎杯製作,水晶琉璃藝品工坊,金牌獎,獎牌商家推薦",https://www.kh566.com/6/w1/6w1-95003-1.jpg
6w1-95003-2,"6w1-95003-2,水晶琉璃獎牌製作推薦,台北,新北,基隆,宜蘭,桃圓,新竹,台中,台南,高雄","獎牌獎盃製作,商家推薦,坤水晶琉璃藝品,竹工房,金箔賀匾設計,精美工廠,台北,新竹,桃園,苗栗,台中,高雄,基隆,彰化,嘉義,台南",1000,a04_晶采獎牌,"獎盃獎牌,獎牌獎杯製作,水晶琉璃藝品工坊,金牌獎,獎牌商家推薦",https://www.kh566.com/6/w1/6w1-95003-2.jpg
6w1-95004-1,"6w1-95004-1,水晶琉璃獎牌製作推薦,台北,新北,基隆,宜蘭,桃圓,新竹,台中,台南,高雄","獎牌獎盃製作,商家推薦,坤水晶琉璃藝品,竹工房,金箔賀匾設計,精美工廠,台北,新竹,桃園,苗栗,台中,高雄,基隆,彰化,嘉義,台南",1000,a04_晶采獎牌,"獎盃獎牌,獎牌獎杯製作,水晶琉璃藝品工坊,金牌獎,獎牌商家推薦",https://www.kh566.com/6/w1/6w1-95004-1.jpg
6w1-95004-2,"6w1-95004-2,水晶琉璃獎牌製作推薦,台北,新北,基隆,宜蘭,桃圓,新竹,台中,台南,高雄","獎牌獎盃製作,商家推薦,坤水晶琉璃藝品,竹工房,金箔賀匾設計,精美工廠,台北,新竹,桃園,苗栗,台中,高雄,基隆,彰化,嘉義,台南",1000,a04_晶采獎牌,"獎盃獎牌,獎牌獎杯製作,水晶琉璃藝品工坊,金牌獎,獎牌商家推薦",https://www.kh566.com/6/w1/6w1-95004-2.jpg
